# Redirects from old Wix URLs to new site structure

# Main pages
/index.html                       /index.html                       301
/bedLinersAbout.html              /bedLinersAbout.html              301
/gallery.html                     /gallery.html                     301
/interior-customization.html      /interior-customization.html      301
/sprayAbout.html                  /sprayAbout.html                  301
/thank-you.html                   /thank-you.html                   301

# Fallback rule for any other paths
/* /index.html                       301
